{
  "generatedAt": "2026-02-22T21:01:58Z",
  "profile": "read-committed",
  "scenario": "rc-atomic-multi",
  "input": {
    "dir": "performance/k6/results/repeatable/raw/read-committed/rc-atomic-multi",
    "files": [
      "performance/k6/results/repeatable/raw/read-committed/rc-atomic-multi/run-01.summary.json",
      "performance/k6/results/repeatable/raw/read-committed/rc-atomic-multi/run-02.summary.json",
      "performance/k6/results/repeatable/raw/read-committed/rc-atomic-multi/run-03.summary.json",
      "performance/k6/results/repeatable/raw/read-committed/rc-atomic-multi/run-04.summary.json",
      "performance/k6/results/repeatable/raw/read-committed/rc-atomic-multi/run-05.summary.json",
      "performance/k6/results/repeatable/raw/read-committed/rc-atomic-multi/run-06.summary.json",
      "performance/k6/results/repeatable/raw/read-committed/rc-atomic-multi/run-07.summary.json"
    ],
    "runCount": 7
  },
  "consistency": {
    "domainAssertionsPassAll": true,
    "attemptsMatchedAll": true,
    "attempts": [
      6177,
      6177,
      6177,
      6177,
      6177,
      6177,
      6177
    ],
    "plannedAttempts": [
      6177,
      6177,
      6177,
      6177,
      6177,
      6177,
      6177
    ],
    "expectedAttempts": [
      null,
      null,
      null,
      null,
      null,
      null,
      null
    ]
  },
  "metrics": {
    "latencyMsAvg": {
      "count": 7,
      "values": [
        327.6215315212892,
        339.1439322158005,
        338.9395441269223,
        411.53126273822255,
        433.76361206265256,
        363.94935845345685,
        349.27385520123005
      ],
      "min": 327.6215315212892,
      "max": 433.76361206265256,
      "mean": 366.3175851885106,
      "median": 349.27385520123005,
      "q1": 339.04173817136143,
      "q3": 387.7403105958397,
      "iqr": 48.69857242447824,
      "stddev": 40.56823372642796,
      "cv": 0.11074607217000286
    },
    "latencyMsP95": {
      "count": 7,
      "values": [
        585.1995804,
        608.5536475999999,
        611.8197534,
        704.9362919999999,
        694.5624981999998,
        678.8089961999999,
        612.6007218000001
      ],
      "min": 585.1995804,
      "max": 704.9362919999999,
      "mean": 642.3544985142856,
      "median": 612.6007218000001,
      "q1": 610.1867004999999,
      "q3": 686.6857471999999,
      "iqr": 76.49904670000001,
      "stddev": 48.64484656454422,
      "cv": 0.07572897314030778
    },
    "latencyMsP99": {
      "count": 7,
      "values": [
        698.19396392,
        707.1166411999999,
        684.78954868,
        784.1832623599983,
        795.78890696,
        766.5559851599995,
        721.3765038799952
      ],
      "min": 684.78954868,
      "max": 795.78890696,
      "mean": 736.8578303085706,
      "median": 721.3765038799952,
      "q1": 702.6553025599999,
      "q3": 775.3696237599988,
      "iqr": 72.71432119999895,
      "stddev": 44.5809358156145,
      "cv": 0.06050140743831894
    },
    "throughputRps": {
      "count": 7,
      "values": [
        864.7837923709561,
        847.8578963174874,
        829.1419543101853,
        914.3341355640646,
        910.7314815369226,
        852.5591024972941,
        884.7319161188079
      ],
      "min": 829.1419543101853,
      "max": 914.3341355640646,
      "mean": 872.0200398165313,
      "median": 864.7837923709561,
      "q1": 850.2084994073907,
      "q3": 897.7316988278653,
      "iqr": 47.52319942047461,
      "stddev": 32.41419691977018,
      "cv": 0.037171389921944874
    },
    "successRate": {
      "count": 7,
      "values": [
        0.3333333333333333,
        0.3333333333333333,
        0.3333333333333333,
        0.3333333333333333,
        0.3333333333333333,
        0.3333333333333333,
        0.3333333333333333
      ],
      "min": 0.3333333333333333,
      "max": 0.3333333333333333,
      "mean": 0.3333333333333333,
      "median": 0.3333333333333333,
      "q1": 0.3333333333333333,
      "q3": 0.3333333333333333,
      "iqr": 0,
      "stddev": 0,
      "cv": 0
    }
  },
  "stability": {
    "cvThreshold": 0.10,
    "p95Cv": 0.07572897314030778,
    "throughputCv": 0.037171389921944874,
    "p95Stable": true,
    "throughputStable": true,
    "pass": true
  }
}
