{
  "generatedAt": "2026-02-22T21:07:40Z",
  "profile": "repeatable-read",
  "scenario": "rr-atomic-multi",
  "input": {
    "dir": "performance/k6/results/repeatable/raw/repeatable-read/rr-atomic-multi",
    "files": [
      "performance/k6/results/repeatable/raw/repeatable-read/rr-atomic-multi/run-01.summary.json",
      "performance/k6/results/repeatable/raw/repeatable-read/rr-atomic-multi/run-02.summary.json",
      "performance/k6/results/repeatable/raw/repeatable-read/rr-atomic-multi/run-03.summary.json",
      "performance/k6/results/repeatable/raw/repeatable-read/rr-atomic-multi/run-04.summary.json",
      "performance/k6/results/repeatable/raw/repeatable-read/rr-atomic-multi/run-05.summary.json",
      "performance/k6/results/repeatable/raw/repeatable-read/rr-atomic-multi/run-06.summary.json",
      "performance/k6/results/repeatable/raw/repeatable-read/rr-atomic-multi/run-07.summary.json"
    ],
    "runCount": 7
  },
  "consistency": {
    "domainAssertionsPassAll": true,
    "attemptsMatchedAll": true,
    "attempts": [
      6177,
      6177,
      6177,
      6177,
      6177,
      6177,
      6177
    ],
    "plannedAttempts": [
      6177,
      6177,
      6177,
      6177,
      6177,
      6177,
      6177
    ],
    "expectedAttempts": [
      null,
      null,
      null,
      null,
      null,
      null,
      null
    ]
  },
  "metrics": {
    "latencyMsAvg": {
      "count": 7,
      "values": [
        353.91045476882016,
        325.64813874291616,
        320.2830111482921,
        417.1461041963741,
        781.7847696569548,
        838.2531926775139,
        359.6472996870642
      ],
      "min": 320.2830111482921,
      "max": 838.2531926775139,
      "mean": 485.2389958397051,
      "median": 359.6472996870642,
      "q1": 339.77929675586813,
      "q3": 599.4654369266644,
      "iqr": 259.6861401707963,
      "stddev": 224.68319898135493,
      "cv": 0.4630361551889314
    },
    "latencyMsP95": {
      "count": 7,
      "values": [
        653.3488273999999,
        597.8483713999999,
        598.5228658,
        694.569721,
        1677.459138,
        1802.2605866,
        612.85294
      ],
      "min": 597.8483713999999,
      "max": 1802.2605866,
      "mean": 948.1232071714285,
      "median": 653.3488273999999,
      "q1": 605.6879028999999,
      "q3": 1186.0144295,
      "iqr": 580.3265266000001,
      "stddev": 543.1362443507957,
      "cv": 0.5728540766037722
    },
    "latencyMsP99": {
      "count": 7,
      "values": [
        698.3003285199999,
        681.3070762,
        676.0956489999999,
        763.17655664,
        2087.0517920399993,
        1987.5840820399999,
        701.3366028400001
      ],
      "min": 676.0956489999999,
      "max": 2087.0517920399993,
      "mean": 1084.9788696114285,
      "median": 701.3366028400001,
      "q1": 689.80370236,
      "q3": 1375.38031934,
      "iqr": 685.5766169799999,
      "stddev": 651.8232285787833,
      "cv": 0.6007704360290681
    },
    "throughputRps": {
      "count": 7,
      "values": [
        860.8438538035782,
        834.8235370455636,
        877.4939238009958,
        884.560967895438,
        641.518849567855,
        621.0751913289166,
        851.3603275408914
      ],
      "min": 621.0751913289166,
      "max": 884.560967895438,
      "mean": 795.9538072833199,
      "median": 851.3603275408914,
      "q1": 738.1711933067093,
      "q3": 869.168888802287,
      "iqr": 130.99769549557777,
      "stddev": 113.81575938946739,
      "cv": 0.14299292037804734
    },
    "successRate": {
      "count": 7,
      "values": [
        0.3333333333333333,
        0.3333333333333333,
        0.3333333333333333,
        0.3333333333333333,
        0.3333333333333333,
        0.3333333333333333,
        0.3333333333333333
      ],
      "min": 0.3333333333333333,
      "max": 0.3333333333333333,
      "mean": 0.3333333333333333,
      "median": 0.3333333333333333,
      "q1": 0.3333333333333333,
      "q3": 0.3333333333333333,
      "iqr": 0,
      "stddev": 0,
      "cv": 0
    }
  },
  "stability": {
    "cvThreshold": 0.10,
    "p95Cv": 0.5728540766037722,
    "throughputCv": 0.14299292037804734,
    "p95Stable": false,
    "throughputStable": false,
    "pass": false
  }
}
