{
  "generatedAt": "2026-02-22T21:10:27Z",
  "profile": "repeatable-read",
  "scenario": "rr-separated-multi",
  "input": {
    "dir": "performance/k6/results/repeatable/raw/repeatable-read/rr-separated-multi",
    "files": [
      "performance/k6/results/repeatable/raw/repeatable-read/rr-separated-multi/run-01.summary.json",
      "performance/k6/results/repeatable/raw/repeatable-read/rr-separated-multi/run-02.summary.json",
      "performance/k6/results/repeatable/raw/repeatable-read/rr-separated-multi/run-03.summary.json",
      "performance/k6/results/repeatable/raw/repeatable-read/rr-separated-multi/run-04.summary.json",
      "performance/k6/results/repeatable/raw/repeatable-read/rr-separated-multi/run-05.summary.json",
      "performance/k6/results/repeatable/raw/repeatable-read/rr-separated-multi/run-06.summary.json",
      "performance/k6/results/repeatable/raw/repeatable-read/rr-separated-multi/run-07.summary.json"
    ],
    "runCount": 7
  },
  "consistency": {
    "domainAssertionsPassAll": true,
    "attemptsMatchedAll": true,
    "attempts": [
      6177,
      6177,
      6177,
      6177,
      6177,
      6177,
      6177
    ],
    "plannedAttempts": [
      6177,
      6177,
      6177,
      6177,
      6177,
      6177,
      6177
    ],
    "expectedAttempts": [
      null,
      null,
      null,
      null,
      null,
      null,
      null
    ]
  },
  "metrics": {
    "latencyMsAvg": {
      "count": 7,
      "values": [
        381.6561041457003,
        318.1905996681236,
        370.4487243608543,
        334.7712565188613,
        387.31352014634797,
        329.7290031539591,
        316.1435369417186
      ],
      "min": 316.1435369417186,
      "max": 387.31352014634797,
      "mean": 348.32182070508077,
      "median": 334.7712565188613,
      "q1": 323.9598014110413,
      "q3": 376.05241425327733,
      "iqr": 52.09261284223601,
      "stddev": 30.53350625295961,
      "cv": 0.08765889599208286
    },
    "latencyMsP95": {
      "count": 7,
      "values": [
        703.9377271999999,
        597.0443132,
        686.1106188,
        648.487131,
        706.2801959999999,
        644.6845838,
        590.5819931999998
      ],
      "min": 590.5819931999998,
      "max": 706.2801959999999,
      "mean": 653.8752233142857,
      "median": 648.487131,
      "q1": 620.8644485,
      "q3": 695.024173,
      "iqr": 74.15972450000004,
      "stddev": 47.68112990797092,
      "cv": 0.07292083903453388
    },
    "latencyMsP99": {
      "count": 7,
      "values": [
        888.9327577999996,
        790.9245367599997,
        876.1367750000001,
        814.0573332399999,
        900.5688091599998,
        825.8109503599997,
        788.0322560399977
      ],
      "min": 788.0322560399977,
      "max": 900.5688091599998,
      "mean": 840.6376311942853,
      "median": 825.8109503599997,
      "q1": 802.4909349999998,
      "q3": 882.5347663999999,
      "iqr": 80.04383140000004,
      "stddev": 47.16887129314352,
      "cv": 0.05611082533401602
    },
    "throughputRps": {
      "count": 7,
      "values": [
        887.1948759637527,
        825.9338917247517,
        947.6961524101885,
        860.3452934537241,
        870.2495873365074,
        855.3722655147116,
        895.7888122613756
      ],
      "min": 825.9338917247517,
      "max": 947.6961524101885,
      "mean": 877.5115540950017,
      "median": 870.2495873365074,
      "q1": 857.8587794842178,
      "q3": 891.4918441125642,
      "iqr": 33.63306462834635,
      "stddev": 38.409032681529595,
      "cv": 0.0437704010873586
    },
    "successRate": {
      "count": 7,
      "values": [
        0.3333333333333333,
        0.3333333333333333,
        0.3333333333333333,
        0.3333333333333333,
        0.3333333333333333,
        0.3333333333333333,
        0.3333333333333333
      ],
      "min": 0.3333333333333333,
      "max": 0.3333333333333333,
      "mean": 0.3333333333333333,
      "median": 0.3333333333333333,
      "q1": 0.3333333333333333,
      "q3": 0.3333333333333333,
      "iqr": 0,
      "stddev": 0,
      "cv": 0
    }
  },
  "stability": {
    "cvThreshold": 0.10,
    "p95Cv": 0.07292083903453388,
    "throughputCv": 0.0437704010873586,
    "p95Stable": true,
    "throughputStable": true,
    "pass": true
  }
}
